Algorithm,Density,Rank,Shape,Num_iterations,Train_error,Test_error,Full_error,Time,Data,Similarity,Number_of_neighbors
User_based,0.5,50,"(512, 512)",,0.135492485516,0.135529811863,0.1357891968,101.09230065345764,boat.png,pearson_correlation,25
User_based,0.5,50,"(512, 512)",,0.124927883173,0.126057997985,0.125255816463,93.87171411514282,boat.png,cosine_similarity,25
User_based,0.5,50,"(512, 512)",,0.120150780905,0.120778657344,0.120433867621,97.00492358207703,boat.png,mean_squared_difference,25
User_based,0.5,50,"(512, 512)",,0.118756203556,0.119070931044,0.118920299938,99.40509009361267,boat.png,mean_absolute_difference,25
Item_based,0.5,50,"(512, 512)",,0.116036008959,0.116197900193,0.116100315123,92.90769863128662,boat.png,pearson_correlation,25
Item_based,0.5,50,"(512, 512)",,0.116815599053,0.116699611742,0.116942877391,97.74972462654114,boat.png,cosine_similarity,25
Item_based,0.5,50,"(512, 512)",,0.117079354479,0.116888617365,0.11718055221,103.77480125427246,boat.png,mean_squared_difference,25
Item_based,0.5,50,"(512, 512)",,0.11793031319,0.117966242628,0.118009384337,104.28778433799744,boat.png,mean_absolute_difference,25
